"date","MNND","Rao","FRic","FDis","FDiv","FEve","SRic","SDiv","RARDis","RARScr"
1981.58333333333,0.890091432130586,1.09330405522613,7.20456212473276e-07,0.282075493378285,0.90065565273148,0.491435106494748,30,2.30059939787236,0.415391015183972,0.890748167335261
1981.66666666667,0.953344527541764,1.04199123614856,7.48635229132472e-07,0.266306864026052,0.902916681231136,0.463167563926141,31,2.07834889514841,0.416111249956402,0.904109712237533
1981.75,0.833658580163209,0.992355394806877,7.48635229132472e-07,0.239571073292489,0.876807742547244,0.484140348976052,31,1.99475567485093,0.386288917594934,0.909168782653604
1981.83333333333,0.899238036141655,0.952124821028462,4.92479749925709e-07,0.242063762948813,0.863235196568873,0.474508783626732,30,1.88280278124313,0.383480937940306,0.913593779864796
1981.91666666667,0.864623140690636,0.936226112320306,4.92479749925709e-07,0.250881940159473,0.856046858974709,0.424976069604498,30,1.79722367191151,0.386640622582384,0.91801631326909
1982,0.820848561218545,0.748195370903075,4.92479749925709e-07,0.18301904489702,0.982978248838571,0.526717011146501,30,1.58643334642369,0.384224600528272,0.920287802594682
1982.08333333333,0.798592526010876,0.771313759256182,4.92479749925709e-07,0.189243673175918,0.985136227856974,0.469264725549526,30,1.59844494520691,0.387857567456944,0.92107070354326
1982.16666666667,0.78711882232253,0.809589817234664,4.92479749925709e-07,0.201298418631676,0.982202984810921,0.405265348013774,30,1.66910678552676,0.391326141568562,0.91827796218823
1982.25,0.775984914902038,0.839483966679197,4.9247974992571e-07,0.20724868493567,0.974979098749949,0.455807875199615,31,1.75627368802199,0.388464937095632,0.913190387744201
1982.33333333333,0.754661438896875,0.821255659722415,4.9247974992571e-07,0.201645719646645,0.979751377763946,0.457671377469945,31,1.67318256103297,0.389009585233645,0.919307604131294
1982.41666666667,0.752676934465168,0.850640267373569,4.9247974992571e-07,0.213571374166178,0.97890491004809,0.453834506837396,31,1.73056447220405,0.391813284257951,0.916574816373494
1982.5,0.813518052669794,0.883944671002122,4.9247974992571e-07,0.209783590100571,0.979314868621101,0.440969113934685,31,1.83639109164159,0.395464060130365,0.911312116240885
1982.58333333333,0.906231573712417,0.818595500037841,4.9247974992571e-07,0.171762563686418,0.985669214586727,0.466292306374841,31,1.63664657645854,0.398279914452809,0.925463566535518
1982.66666666667,0.916073518434992,0.763705857549666,4.9247974992571e-07,0.150093765509675,0.985388719004924,0.491835101431601,31,1.52957373394192,0.391271113488075,0.930725501015972
1982.75,0.951332194948129,0.741139445733114,4.9247974992571e-07,0.150319506292401,0.98789629872191,0.501501731237267,31,1.43215433771039,0.397738722453332,0.936506682072861
1982.83333333333,0.904687641817323,0.776226342977919,4.90038132423103e-07,0.171203308567147,0.975123983919126,0.480362371561326,30,1.64433657159112,0.3889358453841,0.920377735644132
1982.91666666667,0.946091346234772,0.342794322938101,3.11722585884676e-07,0.0941156195946074,0.989608153639216,0.438055484447318,29,0.787169683801823,0.358348886197118,0.954101546600413
1983,0.942523111699989,0.303182276538814,3.11722585884676e-07,0.0741314349900399,0.985045780773157,0.418516072667206,29,0.732009505538279,0.350983721940074,0.956574387045633
1983.08333333333,0.92737429665156,0.41513677820038,3.11722585884676e-07,0.0982122352422382,0.970962109387751,0.433957165557232,29,0.964517797832185,0.350666343532098,0.946552796088077
1983.16666666667,0.913566782769391,0.56557318278364,2.57217037596286e-07,0.136474636236041,0.935180713610814,0.415794227120323,28,1.24003331060772,0.353017288827163,0.936693303757163
1983.25,0.892495023428418,0.758119561943183,2.57217037596286e-07,0.186453310157386,0.916964047521154,0.416711684983055,28,1.5951573851725,0.360945739949341,0.923336764812949
1983.33333333333,0.780466342407447,1.03306439181849,2.57217037596286e-07,0.282334750859819,0.840969862136862,0.450179579469324,28,2.27402511869314,0.390542408893828,0.890484361428056
1983.41666666667,0.785593713724429,1.06051361822691,2.57217037596286e-07,0.284052026463049,0.861461442147305,0.420710544588895,28,2.34101862012096,0.389233525953454,0.887308054292507
1983.5,0.837990301534331,1.06136389405726,2.00469155681355e-07,0.274470391321593,0.865443178431698,0.411729346606551,27,2.27242185240436,0.385190644476837,0.894352559962508
1983.58333333333,0.886755428064056,1.07998357525547,2.00469155681355e-07,0.274790853559046,0.89419851831379,0.41068838434809,27,2.24779243461692,0.39353973880264,0.898177135923836
1983.66666666667,0.891819107183008,1.08168337071251,2.00469155681355e-07,0.276256482547807,0.89225918249527,0.407560135401593,27,2.25029473885548,0.391418443441061,0.897471297320206
1983.75,0.914503231751623,1.10019539503042,2.00469155681355e-07,0.288868482737716,0.900157027790825,0.4061418695479,27,2.24158160881968,0.405966425101716,0.898477915340633
1983.83333333333,0.934048006898566,0.965670405883285,2.00469155681355e-07,0.302211416630485,0.932178727319863,0.403294859653268,27,1.78373053026364,0.484037290350437,0.918317712537928
1983.91666666667,0.935900236173255,0.999102674681,2.00469155681355e-07,0.303165891048161,0.919406193019287,0.407960483163112,27,1.85988268838354,0.4732843051143,0.916803323502577
1984,0.93879413464827,1.02546115352397,2.00469155681355e-07,0.297309099000065,0.898772116298192,0.447581701098332,27,1.88719768774167,0.456507116016915,0.918616257458707
1984.08333333333,0.947354615910145,1.0461196632206,2.00469155681355e-07,0.278475849616033,0.865923534964354,0.468729910402545,27,2.03489537049844,0.422909533353923,0.911954886062558
1984.16666666667,0.966797044805503,1.01627495058595,2.00469155681355e-07,0.262117613131465,0.854768621457389,0.466354267898023,27,1.97957957020559,0.410967714016124,0.914777382107138
1984.25,0.86832177762252,1.06444231406255,2.00469155681355e-07,0.277994658834938,0.864245367716059,0.454270882520319,27,2.15483518767323,0.399186894588467,0.903592821566809
1984.33333333333,0.806825658311478,1.12084585638192,2.00469155681355e-07,0.314643314056169,0.900857656277154,0.420633751571158,27,2.10991288469341,0.423711981678851,0.909076483572596
1984.41666666667,0.721697032915709,1.09534766059872,2.00469155681355e-07,0.30774212211168,0.900979096848934,0.450254067078938,27,2.11498532229758,0.403230108279182,0.907156637904445
1984.5,0.682239870680504,1.10702637645728,2.00469155681355e-07,0.322314163438848,0.919268071420065,0.45181408343099,27,2.08310386274272,0.412307317785365,0.908358894111496
1984.58333333333,0.968230252945114,0.959559607295743,2.00469155681355e-07,0.278755430340107,0.946515510937538,0.415222400245346,27,1.78786930438066,0.428278646792494,0.9190476539686
1984.66666666667,0.981783478406327,0.854343026910724,2.00469155681355e-07,0.252847280738822,0.959160464692638,0.423396745719771,27,1.59053072381458,0.43342900083023,0.925822455808293
1984.75,0.958072480223155,1.06642202902931,2.00469155681355e-07,0.308215435092281,0.951762353837286,0.4070429838049,27,1.98279109362372,0.457792930465395,0.913445680837752
1984.83333333333,0.941209761623556,0.93726352125595,2.00469155681355e-07,0.286689350991301,0.95226360929068,0.382049096995693,27,1.80817468702595,0.49280314621322,0.915146069517093
1984.91666666667,0.93979190289957,1.03204044240098,2.00469155681355e-07,0.293565840552651,0.945816435754468,0.424824500997238,27,1.98692549254467,0.470847946333182,0.910715570135641
1985,0.89590765194237,1.01852447585053,2.00469155681355e-07,0.309145972352888,0.953300070068099,0.395225761036745,27,1.98293480720074,0.474920484632138,0.908242829923483
1985.08333333333,0.857219139860597,1.09910763837848,2.00469155681355e-07,0.319820040395295,0.956454881529938,0.38960279466211,27,2.20629444380176,0.45211331123257,0.897752851212028
1985.16666666667,0.869460241744163,1.06459068726896,2.00469155681355e-07,0.275669167788723,0.866302859809218,0.444365556351366,27,2.27431160247011,0.389360376007987,0.894355173460402
1985.25,0.879844415391958,1.09223401485008,2.00469155681355e-07,0.28005756694286,0.864205496144188,0.430353278140444,27,2.39129998354552,0.391094731966837,0.887175059971913
1985.33333333333,0.894020478932094,1.12274374019843,2.00469155681355e-07,0.28617284826233,0.867490426520632,0.403257736427644,27,2.52179030863467,0.393999443159537,0.879149097059374
1985.41666666667,0.890167083627317,1.12823703621944,2.00469155681355e-07,0.288957303421874,0.875969982437879,0.405336458841795,27,2.52201707388051,0.395569397452316,0.878961838896268
1985.5,0.893569924526346,1.144089160017,2.00469155681355e-07,0.293473246036077,0.888247627687984,0.41028584434793,27,2.5607671057523,0.399231892888607,0.877141416500617
1985.58333333333,0.885752367760952,1.14803977154373,2.00469155681355e-07,0.292525507792933,0.885384012077837,0.3709792646817,27,2.60213186852806,0.396616737746662,0.874597621134686
1985.66666666667,0.848526404445924,1.14352513379712,2.00469155681355e-07,0.288367854169759,0.877717191442749,0.379873736383247,27,2.6228910173497,0.391361102291735,0.872918425786596
1985.75,0.870702708470111,1.14334174658519,2.00469155681355e-07,0.293517349572961,0.907383711399225,0.377157136147785,27,2.56373839757169,0.399093217614699,0.877262267966665
1985.83333333333,0.855640614760708,1.16180840871523,2.00469155681355e-07,0.300357255796068,0.935946155847422,0.405903306876214,27,2.65542537778284,0.403362320131326,0.871100084429715
1985.91666666667,0.848497296679304,1.1512633684931,2.1453696538799e-07,0.294957274792552,0.928837555772151,0.404613262736249,27,2.56815008935523,0.39604203494519,0.877601024922331
1986,0.795562322254025,1.1529215252532,2.1453696538799e-07,0.30401956651061,0.957171364468437,0.384565697007005,27,2.57919074088026,0.400864549037725,0.875842200574018
1986.08333333333,0.825923501924952,1.16931490555544,2.1453696538799e-07,0.306590114684594,0.946006456943149,0.371799062117801,27,2.61477129360412,0.403415128203697,0.873622606132819
1986.16666666667,0.870189239382597,1.16378748103579,2.1453696538799e-07,0.305501643015656,0.933847894506244,0.366344696219324,27,2.57702094010624,0.40799671375285,0.876456243986464
1986.25,0.911036473789418,1.1492029763185,2.1453696538799e-07,0.300906037376931,0.933709325325964,0.432965675435095,27,2.51299620246069,0.414158529153066,0.88127347949353
1986.33333333333,0.88769174385519,1.10082622354939,2.1453696538799e-07,0.291259483593053,0.918147147099335,0.426683573085655,27,2.36336037627504,0.40414675613696,0.889678193370264
1986.41666666667,0.88927492736764,1.06957369980324,2.1453696538799e-07,0.285476296885601,0.92947390725536,0.447871220895064,27,2.29147960052362,0.407313713683519,0.892814386355626
1986.5,0.918398872601171,1.05012234424325,2.19406119825093e-07,0.283505683008819,0.923633872397676,0.443296419731145,28,2.24590600830795,0.408434383971336,0.891604821792353
1986.58333333333,0.906880969101671,0.940166040140989,2.19406119825093e-07,0.263121679373954,0.963201485448045,0.445118383817414,28,1.95982541888588,0.418041944946645,0.905397136501994
1986.66666666667,0.894905757353339,0.995123158858844,2.19406119825093e-07,0.2756969538766,0.944354537650357,0.439855641639052,28,2.04992875504434,0.412588308315943,0.902241478336043
1986.75,0.905985073767423,1.03253403751651,2.19406119825093e-07,0.288801153013211,0.9389569398216,0.469721360443423,28,2.06746391558029,0.424622511702857,0.902801498843648
1986.83333333333,0.909089773469111,1.02923471866961,3.54743718806676e-07,0.295028555968297,0.943708400230149,0.453785262951275,29,1.99127021541716,0.501508302189098,0.909030760464337
1986.91666666667,0.881658040165075,0.98907121176627,3.54743718806676e-07,0.285091035550632,0.969783554165642,0.470453077255366,29,1.93172461074913,0.511772715581923,0.910980357097766
1987,0.873083615508199,1.05064438522243,3.54743718806676e-07,0.307947611107427,0.956534760606411,0.468448253459817,29,2.1038989583402,0.500654074200898,0.901132339884927
1987.08333333333,0.869398843821034,1.11090541207252,3.54743718806676e-07,0.326272728781784,0.942289246805252,0.491196036742006,29,2.27702491069996,0.487675457714126,0.891427407637266
1987.16666666667,0.85167747579059,1.13839625297029,3.54743718806676e-07,0.336391689196095,0.945695320428312,0.493762952014431,29,2.37486651831797,0.482373004087337,0.885289307450383
1987.25,0.848701207870873,1.18225742136138,3.54743718806676e-07,0.342056005375715,0.90914178789524,0.512937485701605,29,2.52215315518593,0.459550878108306,0.876855685112423
1987.33333333333,0.856284032065893,1.16074421924195,4.54413853068774e-07,0.325106478528197,0.883456150001254,0.494990175999194,30,2.43388282520682,0.448381483125555,0.881809067437581
1987.41666666667,0.836030413482682,1.19264657931363,4.54413853068774e-07,0.328487431779616,0.886512672637251,0.494254731473774,30,2.62632111545155,0.43996104617608,0.868119283052605
1987.5,0.814217412273436,1.20351837440748,4.54413853068774e-07,0.328572572386479,0.909528855833131,0.490773016918276,30,2.68264025678824,0.435528042378969,0.864154567746201
1987.58333333333,0.705086287305067,1.17047412083534,4.54413853068774e-07,0.329396453364802,0.918363211447134,0.46491911119931,30,2.54793488977641,0.421518488380565,0.874069398848629
1987.66666666667,0.770831540119433,1.20318887402373,4.54413853068774e-07,0.351544178653869,0.938762077301624,0.481045248235224,30,2.56665366673395,0.454447702922998,0.873059817640351
1987.75,0.89827714066243,0.531888290605527,3.60699613847899e-07,0.117841515713038,0.987871212967179,0.414944207409389,30,1.16316879366722,0.36213504560075,0.937942000989946
1987.83333333333,0.915708566140022,0.37077157293839,4.27471020591214e-07,0.0886333909704956,0.986819590268776,0.435410772817469,31,0.869274893471112,0.358349909956022,0.949318562706487
1987.91666666667,0.896502781065483,0.595798303921427,4.27471020591214e-07,0.150107558931175,0.975438013104115,0.440121682991193,31,1.31832224878449,0.365519726727714,0.927802524522225
1988,0.873113507749327,0.923334288263619,4.27471020591214e-07,0.229037275910582,0.923712184672955,0.417025006352281,31,1.97890422767701,0.37196073708994,0.901174270417058
1988.08333333333,0.849819882372291,1.05921794925507,4.28065187619314e-07,0.272723761638661,0.853605944821107,0.467174384892569,32,2.31646274914828,0.385850958449164,0.881742623831058
1988.16666666667,0.860162875751604,1.10297747743902,4.27471020591214e-07,0.273393339210282,0.844235751777665,0.426760850653371,31,2.52696184859644,0.380868346580983,0.871759492029729
1988.25,0.890865721491349,1.13877332540372,3.60699613847899e-07,0.279961852283138,0.868050517248792,0.395718928395413,30,2.65205799572467,0.383458504309498,0.865875219549096
1988.33333333333,0.936050688225911,1.11287281092851,3.54910526934691e-07,0.2859662472889,0.875269439259164,0.391723687047603,29,2.46116544394522,0.395423018676089,0.882104191036384
1988.41666666667,0.957084788373196,1.09385518834031,3.45585903238407e-07,0.294294650275313,0.869434853878445,0.414213313351437,28,2.30872445681887,0.407460875852822,0.892779321821015
1988.5,0.946089884873503,1.0861340972264,3.45585903238407e-07,0.293193342280685,0.909883898955514,0.367250827745682,28,2.2021294047006,0.406934130252069,0.899792646982533
1988.58333333333,0.427396342389984,0.810043277486319,3.45585903238407e-07,0.208069132676397,0.966953448456997,0.314455316381092,28,1.78284513571353,0.398088660919164,0.913723748612403
1988.66666666667,0.909446379288938,0.462193473532526,2.38777634303653e-07,0.105850304347282,0.941051894280017,0.3509971287075,27,1.01148760886047,0.352379774031498,0.946334524397034
1988.75,0.934066310354332,0.616677592142337,2.38777634303653e-07,0.146549535347525,0.947889672885889,0.387756475784242,27,1.30571242264821,0.367645653133545,0.934573998917791
1988.83333333333,0.908126553257801,0.866619403229517,2.38777634303653e-07,0.240958962664292,0.934200916935718,0.448355457732541,27,1.79177981910155,0.386983301768239,0.913402708678949
1988.91666666667,0.84082657160275,1.17283974212116,2.38777634303653e-07,0.338241902829023,0.93181295778919,0.483018536237865,27,2.47138563567232,0.427844133452399,0.883965134383665
1989,0.863896306812395,1.15347632583474,2.38777634303653e-07,0.324914648320623,0.9101767608204,0.457546337146348,27,2.35860908628657,0.424023618818083,0.891758563733772
1989.08333333333,0.890555736796474,1.12160440630856,2.38777634303653e-07,0.309599652565,0.891894219902409,0.456399867009564,27,2.28745530040959,0.421867563160376,0.89547586077861
1989.16666666667,0.921043205474882,1.09280294541711,2.38777634303653e-07,0.293151644838008,0.882374377961419,0.47567360835714,27,2.25943795136964,0.422850813216246,0.895236054332874
1989.25,0.989780840174329,0.917642474514294,2.38777634303653e-07,0.2395811556304,0.925446872151984,0.444600415668721,27,1.79686249835042,0.444500108476015,0.919326413819695
1989.33333333333,0.940130646188211,1.0492338690037,2.38777634303653e-07,0.267642033336905,0.846939598175874,0.36248193849805,27,2.2882628410478,0.405101934738394,0.891133449063926
1989.41666666667,0.925258058291012,1.13209956788601,2.38777634303653e-07,0.295808961916906,0.893409006891911,0.455384560272375,27,2.46295316720031,0.42367690577227,0.884321486084446
1989.5,0.622967536091808,0.991726027578314,2.38777634303653e-07,0.271094115995699,0.974154042275587,0.463137667494705,27,2.08102261686358,0.414569296139995,0.906946744191934
1989.58333333333,0.428972983506368,0.818061520311533,2.38777634303653e-07,0.239589530847537,0.98747391354208,0.402648050143278,27,1.62826147989532,0.408232494232636,0.925732808666402
1989.66666666667,0.841706893524464,1.01615643820601,2.38777634303653e-07,0.250445634101489,0.962129364315546,0.409455680934975,27,2.15287230406879,0.405332058337725,0.900345238670452
1989.75,0.506173232785233,0.958448173756116,1.85266366688786e-07,0.248764574882126,0.961843518332173,0.419256924347431,26,2.16404276636344,0.398677809607059,0.899174319835334
1989.83333333333,0.514109440932913,0.97197563802955,1.85266366688786e-07,0.284266074059122,0.97222424434871,0.429775281905962,25,2.11487766038396,0.421504321562731,0.9034207732244
1989.91666666667,0.22445428234724,0.502909624166221,1.85266366688786e-07,0.145492953791466,0.985868767479381,0.454573161624038,25,1.19106266200499,0.40654001225539,0.941624334077716
1990,0.252047148304321,0.524874841055141,1.85266366688786e-07,0.13150924212645,0.990654293537634,0.499164765176682,25,1.249710245451,0.402356219038484,0.940393640797727
1990.08333333333,0.473826102764245,0.882299441158068,1.85266366688786e-07,0.246269177306099,0.966359106738492,0.440800504169999,25,1.92159860315325,0.412924549986561,0.913451462549614
1990.16666666667,0.910528444218572,1.16129999457293,1.85266366688786e-07,0.336619858615055,0.941565279403536,0.408782438528655,25,2.3807342250984,0.436548292039537,0.891399885745842
1990.25,0.894570177169482,1.14512959660465,1.85266366688786e-07,0.329883301686068,0.936294524601259,0.390795126860477,26,2.34274593235183,0.443369960517025,0.892898543951927
1990.33333333333,0.892795195977081,1.06580855367513,1.85266366688786e-07,0.249158074149113,0.911168899142852,0.376049950577393,26,2.31380654851162,0.406529420455532,0.895345223458734
1990.41666666667,0.926655325568518,1.01032911947573,2.4911939905036e-07,0.246326511505664,0.940351073593425,0.424891885702684,26,2.11557600871431,0.396688088867552,0.905200415893279
1990.5,0.919292400943127,0.978331267393826,2.4911939905036e-07,0.204644603728438,0.930067015475045,0.417922932383454,26,2.11711642497822,0.383636539130854,0.906611501084588
1990.58333333333,0.940578645886545,0.783982169126774,2.4911939905036e-07,0.16497550005041,0.947089595434366,0.43820680318461,26,1.65537084533577,0.376256868397834,0.925248259691701
1990.66666666667,0.926611488994867,0.929772924716244,2.4911939905036e-07,0.207941611763961,0.947021107193164,0.450790744541478,26,1.95022374601298,0.389255774533959,0.914085712805596
1990.75,0.943438313475507,0.754821309831318,2.4911939905036e-07,0.158143805261995,0.955283585831439,0.464201429634515,26,1.57810554753452,0.376396242668021,0.929189965281004
1990.83333333333,0.947642356377304,0.744462507080285,2.4911939905036e-07,0.156628640054661,0.95813046936209,0.448052548992493,26,1.58922471021033,0.37523426907996,0.927937485175831
1990.91666666667,0.942206819371056,0.956161822678286,2.4911939905036e-07,0.210317732906141,0.946345224336658,0.393048120666761,26,2.06306576534583,0.384615197675948,0.907498124647349
1991,0.917344829835687,1.02936554573118,2.4911939905036e-07,0.260504037778142,0.944188416899678,0.431490517304828,26,2.26305201406956,0.407695733137327,0.89391376370891
1991.08333333333,0.932904498615224,1.0672817209729,2.4911939905036e-07,0.276143376974773,0.933390679161547,0.416636499347092,26,2.2818165547957,0.40820138639202,0.895315106604315
1991.16666666667,0.926171974015589,1.01578543366235,2.4911939905036e-07,0.226254372688323,0.924915096196409,0.412312042091183,26,2.22222680325291,0.390193632462359,0.899502157134901
1991.25,0.921094185399048,1.01122914265337,2.4911939905036e-07,0.2700102720211,0.954110436295488,0.399774869185406,26,2.12633143027789,0.413413919834033,0.900442654078702
1991.33333333333,0.922736822386748,1.0093036859048,2.99014846760656e-07,0.273852619422389,0.959930377292454,0.377213139593984,27,2.10431392672681,0.411408619331741,0.899954983929493
1991.41666666667,0.932098887983723,1.05415760666767,2.99014846760656e-07,0.291167068237195,0.969709858613729,0.375102495108482,27,2.18239791475522,0.415894072218103,0.896157167506121
1991.5,0.933821731672142,0.914167313775613,2.99014846760656e-07,0.204146166739476,0.971781343589532,0.415604284697931,27,1.88683113250678,0.388820409650152,0.916567985065988
1991.58333333333,0.93477733441889,0.624851152079555,2.99014846760656e-07,0.130750447739984,0.956820942075613,0.437731625846916,27,1.41195916477784,0.358342942910548,0.93034200331816
1991.66666666667,0.855523763687249,1.09867178577625,2.99014846760656e-07,0.268990786711199,0.945934563430949,0.481892939446264,27,2.40964774398288,0.395125470994164,0.88840873940534
1991.75,0.944958692753228,0.451526557093736,2.99014846760656e-07,0.105463157939483,0.965053028036377,0.483738968146688,27,1.02156095126735,0.360038625424544,0.946278708351318
1991.83333333333,0.898519864843758,0.980148799953214,2.99014846760656e-07,0.256514133726486,0.962704398870441,0.4677564382775,27,2.04839257636391,0.397701744180231,0.903223878747908
1991.91666666667,0.848412423707263,1.21364191655813,2.99014846760656e-07,0.35520535820712,0.949009890721692,0.485906135579439,27,2.55804214318033,0.445026083908982,0.878350795309135
1992,0.84243862185149,1.19996323529489,2.99014846760656e-07,0.32165350103023,0.930313346047656,0.468846836938787,27,2.70651721090468,0.418293071984363,0.867690580262516
1992.08333333333,0.852905489262304,1.19469895908447,2.99014846760656e-07,0.314278287939232,0.914424533081021,0.516685424050648,27,2.73022809865072,0.412573444005024,0.866473321257591
1992.16666666667,0.87463982559594,1.19656241046727,2.99014846760656e-07,0.312003407403932,0.906576705838501,0.488794917508133,27,2.75547675579203,0.411550540563132,0.864010847487032
1992.25,0.880644353024839,1.18493996016093,2.99014846760656e-07,0.305002510803832,0.8939917328482,0.466467013949729,27,2.73558090803682,0.406823846950347,0.865169395880853
1992.33333333333,0.889029499651677,1.17840830772108,2.99014846760656e-07,0.300225904763518,0.89995913707955,0.453162500697641,27,2.75952276500932,0.403594662026872,0.86308104601739
1992.41666666667,0.907768080556461,1.13027840273296,2.99014846760656e-07,0.291209167950259,0.917161717622936,0.432285336345037,27,2.54989431205535,0.402596930087289,0.875342367783202
1992.5,0.933229162066734,0.965054967017388,2.99014846760656e-07,0.238521557274703,0.935898710149793,0.43230974191511,27,2.10545655155153,0.381299577274016,0.899933559125626
1992.58333333333,0.938527782735383,0.883147786825456,2.99014846760656e-07,0.211630694749195,0.93683398886293,0.414934875787984,27,1.98769740699296,0.375372874935867,0.902981234375351
1992.66666666667,0.938215570644651,0.816565201274148,2.99014846760656e-07,0.201973083269164,0.937678223450251,0.42236878017746,27,1.84804920952315,0.37570745171048,0.90840232562435
1992.75,0.953095146514651,0.522337699318731,2.99014846760656e-07,0.132196213928025,0.948610732811618,0.429892287307219,27,1.22247188021248,0.364083880290949,0.936809546371576
1992.83333333333,0.958674829379882,0.426988892657616,2.99014846760656e-07,0.107355220827173,0.952385972180735,0.415911310934807,27,1.01727567614542,0.359776159923113,0.945941527362135
1992.91666666667,0.958233170715797,0.45017032629205,2.99014846760656e-07,0.11333841295553,0.952944697900239,0.408841920396146,27,1.05757936885948,0.360693111883245,0.944079142822937
1993,0.925894041876223,1.20706943397989,4.35765020253693e-07,0.347633601989785,0.941075497131378,0.405676722875563,29,2.60986186156028,0.447687860294665,0.869931058621575
1993.08333333333,0.960395113628001,0.944147588790274,4.39849739275419e-07,0.259046902612975,0.959341031212053,0.397102181726503,30,1.92996410762613,0.422597987688911,0.903679635267784
1993.16666666667,0.923369883751542,0.972682232340954,3.55275192992071e-07,0.229101159090554,0.924905543833065,0.424474356798943,29,2.22054578212051,0.369119352479256,0.888287916104309
1993.25,0.914281004600605,1.03109725968744,6.05461391692283e-07,0.242718437150306,0.945251123361557,0.378871915478746,30,2.32968347385599,0.381082973786363,0.884097733874237
1993.33333333333,0.933490082084003,1.07797222642664,6.69212950767117e-07,0.27859592891609,0.949883561443606,0.451993525660701,31,2.40969575784683,0.397386962806192,0.876432259897637
1993.41666666667,0.960317692427654,0.624444409552459,6.69212950767117e-07,0.182856286391185,0.977006528673033,0.480085686813469,31,1.36425884603715,0.383074445393019,0.924346878594549
1993.5,0.944905649003519,1.07061371065478,6.69212950767117e-07,0.296133396837393,0.95673662125796,0.476161463062428,31,2.31286021853144,0.409739129121257,0.880298028867786
1993.58333333333,0.947131628033336,0.516609043998549,6.69212950767117e-07,0.133617773443542,0.982317454441182,0.465961523359411,31,1.16807610888727,0.371702241071939,0.934037418723238
1993.66666666667,0.908775115260158,0.855905772309609,6.69212950767117e-07,0.226618808051939,0.963755875540593,0.440859198091551,31,1.8767238335558,0.384995407526515,0.900615198060037
1993.75,0.937415026483421,0.619942259281997,6.69212950767117e-07,0.164664861288845,0.973287701962302,0.463638883950844,31,1.39506487985395,0.373253475833457,0.923216982231713
1993.83333333333,0.956504721173706,0.312124097531078,6.69212950767117e-07,0.0885131796709854,0.986352083767928,0.532530543602967,31,0.747668463421915,0.365945146077875,0.954503112406526
1993.91666666667,0.952068961354387,0.449791639985901,6.69212950767117e-07,0.138377114738485,0.987207893227876,0.565287977318448,31,0.97557259282407,0.377285329865723,0.943676594619294
1994,0.908135959340019,0.861227507961322,1.96671730785596e-06,0.203453477315185,0.934796675720928,0.496402957460414,39,1.87364795720055,0.380841080557668,0.897328572848399
1994.08333333333,0.92128898209701,0.862964987136885,1.96671730785596e-06,0.255409410967628,0.953922860203384,0.522634916597143,39,1.87261667082707,0.407185716088256,0.887216818149365
1994.16666666667,0.875535767438843,1.13313352537057,1.96671730785596e-06,0.320133610920971,0.917167168138578,0.466945773946432,39,2.48222252678504,0.425351274915736,0.858683834333248
1994.25,0.930646402457671,0.979481764669541,2.18477549737086e-06,0.271239200308515,0.956931611426295,0.411690595524985,44,2.06127039256079,0.404012408464896,0.88083716552291
1994.33333333333,0.904210485666489,1.03794573231779,2.18477549737086e-06,0.298098865964122,0.946247459994091,0.472915239232768,44,2.25128479412661,0.412929225142871,0.861043679874303
1994.41666666667,0.962066243618198,0.266108243718245,2.18477549737086e-06,0.0648525592460152,0.987893773498344,0.467588126802302,44,0.699673671423877,0.375817420980897,0.946430111528907
1994.5,0.940949627576952,0.500554506770161,2.18477549737086e-06,0.11503346436822,0.979862778520739,0.490144912866734,44,1.23497897174507,0.378991929350933,0.914780371163592
1994.58333333333,0.721227828238231,0.968811870506229,2.18477549737086e-06,0.241283036615995,0.958757534468232,0.486983968833673,44,2.24923114818789,0.390280972734394,0.860148747419226
1994.66666666667,0.946484634128132,0.73094302329101,2.18477549737086e-06,0.209465041571555,0.988433972022101,0.449342613177515,44,1.46384865850303,0.525629594383516,0.911451205028682
1994.75,0.887324093539157,1.09666381729725,2.18477549737086e-06,0.357693544906216,0.97249416584453,0.43602838069882,44,2.18677656347395,0.470624937988503,0.867913697954028
1994.83333333333,0.863708802205681,1.13973398526585,2.18477549737086e-06,0.365962623635972,0.975478693275303,0.361234960853935,45,2.26477591255498,0.449555182933036,0.865767126762233
1994.91666666667,0.930044206321148,1.11943508182744,2.18477549737086e-06,0.351940962368744,0.971344249439558,0.393429178093438,46,2.19436860752467,0.484959053650232,0.871094789519783
1995,0.925755558713695,0.981294555444316,2.43718532720756e-06,0.297905033043142,0.959782904366589,0.390447229013921,48,2.13217161014142,0.502646997837675,0.855761692646341
1995.08333333333,0.880837092548512,1.04224233987956,2.43718532720756e-06,0.330937631201009,0.957296352808747,0.388743795272299,48,2.20278837005431,0.480111517074267,0.854116498716934
1995.16666666667,0.902519216621389,0.997221918330995,2.52651801303773e-06,0.311712123619056,0.959469593566347,0.431736674181813,49,2.13432302521212,0.493602087697484,0.855147223133448
1995.25,0.893763520178199,0.893387716800651,2.52651801303773e-06,0.299143215016117,0.957343943341632,0.441020005858712,49,1.93052078600437,0.496110104957889,0.862038059364317
1995.33333333333,0.919937946847912,0.898277851329267,2.52651801303773e-06,0.290310450537734,0.961066196775862,0.429438143775026,49,1.91338880818243,0.49520802868363,0.866908793521803
1995.41666666667,0.911055818439611,0.954937223238699,2.52651801303773e-06,0.330819887965865,0.964261947465749,0.449978797566791,49,1.9233123052806,0.482256424483834,0.872401369793588
1995.5,0.912915460450471,0.986017965701971,2.52651801303773e-06,0.360701681764904,0.97184476083829,0.461895656257081,49,1.82451061818964,0.475707237297273,0.886480655522757
1995.58333333333,0.902580364787666,1.00955547328484,2.24623203006879e-06,0.366951845443848,0.980749724637837,0.437066562244817,48,1.75769643569781,0.451484775976805,0.896624733273328
1995.66666666667,0.934214291124766,0.93911059646684,2.24623203006879e-06,0.294364857048331,0.982598052325155,0.442229040000988,48,1.8130136286806,0.502795150533236,0.890332852438139
1995.75,0.898342956168951,1.06685871782916,2.24623203006879e-06,0.360220404906908,0.971413728559709,0.437493487588107,48,2.07124259716761,0.456377126505587,0.873499405646795
1995.83333333333,0.760692859546776,1.13391892073126,2.24623203006879e-06,0.285223829733781,0.926025428971139,0.403088003346705,48,2.77989127731663,0.391066265572803,0.818660456845321
1995.91666666667,0.831455000089524,1.17011439702136,2.24623203006879e-06,0.320347406085123,0.90913956742211,0.419586023597051,48,2.82156115096166,0.409922305980569,0.80936154336652
1996,0.895851391352877,1.16645698176516,2.24623203006879e-06,0.313453284362239,0.893006797261887,0.408264532651862,48,2.79732520866133,0.404832651780034,0.814495938586453
1996.08333333333,0.789566425406473,1.1623803199186,2.24623203006879e-06,0.299955574916523,0.882164692279456,0.360260098840732,48,2.87067158089653,0.389972704051672,0.812134322114125
1996.16666666667,0.690840127882513,1.15157468517378,2.24623203006879e-06,0.299724465699477,0.868922628832664,0.447394851906414,48,2.8801782054125,0.386159888954453,0.810085501110659
1996.25,0.474113004599037,1.12199864872971,2.28514200152613e-06,0.294884911522786,0.922725881873041,0.390932503309197,50,2.82565504050008,0.383956310117389,0.809236292219482
1996.33333333333,0.404093285209183,1.03948116362393,2.28514200152613e-06,0.250243839680371,0.9317074083918,0.386416790198724,50,2.68811002619302,0.36791683496798,0.819977722022955
1996.41666666667,0.171403992464706,0.644075966053764,2.28514200152613e-06,0.145412430212719,0.96679604007747,0.413605417950086,50,1.56119138355336,0.347577143587428,0.894885549994799
1996.5,0.432708338679684,0.965469075073858,2.28514200152613e-06,0.185149516528744,0.943708678504858,0.427183321674333,50,2.41971424671973,0.355281915151179,0.854173553477408
1996.58333333333,0.722371062157581,1.07011474415508,2.47568951430108e-06,0.265583206170321,0.944483194592972,0.463423918066244,51,2.60582242096012,0.398745871261947,0.833075382202101
1996.66666666667,0.509877440738169,1.08505246236316,2.47568951430108e-06,0.281938430954062,0.925507830478836,0.464185679956729,52,2.8364285387763,0.394726463772839,0.809978032227034
1996.75,0.503303371291489,1.04696183098192,2.47568951430108e-06,0.2900000218737,0.941106243946768,0.504732892429994,51,2.57186652801599,0.393807581519788,0.829518468411067
1996.83333333333,0.754510732071209,1.08880455423782,2.47568951430108e-06,0.313087257150498,0.950960810713049,0.451662048402853,51,2.45631844650723,0.413901814797387,0.840634915627355
1996.91666666667,0.455770916842751,1.02491937725463,2.47568951430108e-06,0.275333269932421,0.947870095511215,0.450609449413865,51,2.51421250877127,0.390270283169316,0.830985499396748
1997,0.674694384568541,1.06429739381387,2.47568951430108e-06,0.263929219058165,0.926121598865293,0.507317568099812,51,2.74721977018875,0.386322663264318,0.80884078789427
1997.08333333333,0.679096873096504,1.06090345913224,2.47568951430108e-06,0.256075055967293,0.913184602953501,0.518243524354867,51,2.68325654255816,0.383321386063801,0.817783816603064
1997.16666666667,0.667545544174013,1.05880300706945,2.47568951430108e-06,0.264385366176112,0.939601197473536,0.492214104507537,51,2.63552832056812,0.389723414827836,0.820536124964665
1997.25,0.634258653589882,1.02328546569391,2.53940031176915e-06,0.236648743404488,0.933116467081466,0.467737750320419,52,2.61500232568054,0.383845436559241,0.820943345071901
1997.33333333333,0.427678405299383,1.03125207211761,2.61943917895046e-06,0.258016580120139,0.927889742277033,0.503266815336026,52,2.86034140709645,0.381807295031038,0.803628439898692
1997.41666666667,0.728027747817699,1.08783781405993,2.47568951430108e-06,0.325688799062505,0.950593297565466,0.461751501623253,51,2.37542907858554,0.419348762103184,0.849340398257287
1997.5,0.525746627319613,1.12301610811708,2.47568951430108e-06,0.350998642890876,0.943590656006533,0.470784968041182,51,2.56088388584647,0.424659374260709,0.82993068805658
1997.58333333333,0.799711992305108,0.897261301963061,2.47568951430108e-06,0.306675920488985,0.962506913213427,0.460984517713419,51,1.90100491411716,0.485381776298344,0.867685778307054
1997.66666666667,0.710599113801975,1.1466554014167,2.47568951430108e-06,0.350757169155791,0.933851223929255,0.514992514952394,51,2.69734468695597,0.44934327780821,0.813842453381405
1997.75,0.487150750802886,1.10084715153347,2.47568951430108e-06,0.277765550774989,0.913464737173227,0.572564927791251,51,2.95614487302005,0.384192431109621,0.802578896420079
1997.83333333333,0.466660103423559,1.11636469560803,2.47568951430108e-06,0.290298690844781,0.922178789860289,0.450085283188371,51,2.81678386298027,0.389816625690447,0.810394115266652
1997.91666666667,0.426757415622172,1.04186051775173,2.47568951430108e-06,0.268460276099327,0.930579301450586,0.48381159198155,51,2.57057233269555,0.377317497239198,0.822238627780832
1998,0.55069383075239,1.17547985385853,2.47568951430108e-06,0.302243936043706,0.899284470417818,0.516311155816631,51,3.10977464191636,0.392622149966695,0.777111991312589
1998.08333333333,0.631028926512009,1.24002676794987,2.47568951430108e-06,0.332013348212735,0.910127446232946,0.465312527528815,51,3.22737312049505,0.419680973949258,0.767900790901582
1998.16666666667,0.668560656803263,1.20509670433738,2.47568951430108e-06,0.316383390665739,0.913228862532651,0.466334875337835,51,3.08044723449156,0.410138668207861,0.784730147439264
1998.25,0.626163717048856,1.20440940655491,2.47568951430108e-06,0.304603152025435,0.885944015774069,0.409916498249297,51,3.21266590623691,0.399531702495337,0.767169781318326
1998.33333333333,0.557185171641452,1.11181904214834,2.47568951430108e-06,0.263828074392381,0.903335324877407,0.461871551331972,51,2.92522040802375,0.379475507813012,0.796257441667999
1998.41666666667,0.774694581297696,0.882978087249362,2.47568951430108e-06,0.212232048775276,0.937351448022387,0.513155343957356,51,2.19494343008984,0.378091574778378,0.846542055650092
1998.5,0.775582055830465,0.949083898853246,2.47568951430108e-06,0.234434059267441,0.924547600049301,0.417281398599699,51,2.41098943740804,0.383422593640786,0.82871358211955
1998.58333333333,0.751637218946353,0.68367178888552,2.47568951430108e-06,0.13484091923346,0.966865300082437,0.466422170975243,51,1.70885216995077,0.371956461430971,0.887173869494967
1998.66666666667,0.822145700064004,0.605077134752192,2.47568951430108e-06,0.142842640152813,0.972021424826532,0.451877866466325,51,1.44848374953091,0.378716248504169,0.898206814620655
1998.75,0.742761999064256,1.11369768994984,2.47568951430108e-06,0.291512197117243,0.900844698796533,0.479871202737432,51,2.7683574046102,0.395490552822864,0.812259770286839
1998.83333333333,0.646406647933592,1.15285633015082,2.47568951430108e-06,0.281758163683866,0.851646297288511,0.572159429010294,51,3.18911297884299,0.382851642058261,0.770899977477815
1998.91666666667,0.52638738220578,1.10638897197917,2.47568951430108e-06,0.274856490099325,0.882617471424198,0.492305317391238,51,2.93401293626133,0.380015556336391,0.798189558549102
1999,0.64554935619023,1.14895260357289,2.47568951430108e-06,0.278282232134073,0.84967658089155,0.373984621989639,51,3.10210311260221,0.384807269772528,0.78077352175468
1999.08333333333,0.608142701218379,1.1196435535785,2.47568951430108e-06,0.257510409630418,0.844671168879415,0.470857098983167,51,3.01052906686291,0.374373958176286,0.79434459192189
1999.16666666667,0.704008214043273,1.01750971503072,2.47568951430108e-06,0.243817954815118,0.747530390663579,0.46362388098976,51,2.52968240586571,0.373501858367364,0.82617359780562
1999.25,0.706135047998356,1.16024628366765,2.07722851239597e-06,0.301456751347226,0.892551192859007,0.415490838199712,50,2.90763484990319,0.398942203810547,0.802109692078306
1999.33333333333,0.661505673258565,1.08565797286016,2.33574790416333e-06,0.240092153588734,0.833828703508816,0.384890813122224,51,2.89405689890936,0.372185274036441,0.798849991481128
1999.41666666667,0.449780368221607,1.08135234636924,2.58222657449721e-06,0.250811890732781,0.903953708981767,0.46323648323289,52,2.78081074359289,0.382196601019019,0.812313813743683
1999.5,0.359113009084933,0.927174498579319,2.58222657449721e-06,0.190758642981764,0.94517303083883,0.432627352702945,52,2.31385975501376,0.36968817925799,0.850453424890541
1999.58333333333,0.590617652013241,1.16363797337892,2.58222657449721e-06,0.313600481611899,0.875502724953965,0.428653535984514,52,2.99226248774072,0.407516672621919,0.791460296543044
1999.66666666667,0.45000957695884,1.08890880086398,2.58222657449721e-06,0.294601140517701,0.924697106047161,0.402721723343936,52,2.72054697630254,0.401479590365974,0.817179067383398
1999.75,0.501255122357919,1.11033081401871,2.18324607451405e-06,0.277819525772282,0.856850748299922,0.475459533745148,51,3.00671757215503,0.385828804216387,0.792461266059262
1999.83333333333,0.597582081096487,1.16971115372061,2.26500563728864e-06,0.29982868146199,0.863125164078604,0.417408382999448,52,2.99932124228401,0.39642833377681,0.790476653830587
1999.91666666667,0.405447876856998,1.01794416219701,2.18324607451405e-06,0.221252454249409,0.866007619645413,0.513656359738048,51,2.62316656808323,0.363757458219569,0.825856599661309
2000,0.519084415492781,1.08290308511893,2.17099681848804e-06,0.235999359830086,0.798949212373447,0.541492252671686,50,2.94403334668577,0.366134655767851,0.798748656506966
2000.08333333333,0.648396256399074,1.07810251841103,2.18777135255618e-06,0.239460388063833,0.764104119118177,0.450641043541008,51,2.91058207560688,0.369103234626478,0.793550518430967
2000.16666666667,0.812844792229983,1.07919002517336,2.18777135255618e-06,0.323391059147257,0.826985070681203,0.523217137756073,51,2.44961612578122,0.434091270737349,0.834188319605667
2000.25,0.877819667624477,0.935386244417912,2.18777135255618e-06,0.306528175134212,0.87477043525285,0.443165753997645,50,2.01285322965237,0.464361353372395,0.862792533522313
2000.33333333333,0.827476738989194,1.05230975931021,2.18777316904713e-06,0.223590324780382,0.707746373196097,0.533737148580399,51,2.90501138406322,0.362808149132559,0.788665943267224
2000.41666666667,0.819295977404401,1.08552770881102,2.18777316904713e-06,0.319162500434636,0.801574850407786,0.473707539680565,51,2.33498890774876,0.422907553215754,0.85337196350722
2000.5,0.62597212270692,1.10743041711863,2.18777316904713e-06,0.295742447332071,0.833045669989613,0.452218093590615,51,2.60588954608661,0.390594898483891,0.828639235306933
2000.58333333333,0.747033951445748,1.18282516844818,2.18777316904713e-06,0.297319381284776,0.823495865763298,0.41934133774119,51,3.06178913115716,0.397971273812911,0.786331827497706
2000.66666666667,0.778211054860526,1.17847657295385,2.18777316904713e-06,0.327763822050767,0.861386187708356,0.418911622952872,51,2.89830425955532,0.427502105981036,0.798318532418439
2000.75,0.616037427554783,1.15982965022414,2.18777316904713e-06,0.325271058982537,0.862603200599249,0.508057061243935,51,2.75396473525327,0.409425783476952,0.816558975709333
2000.83333333333,0.295308509544496,0.90108352234268,2.18777316904713e-06,0.216241946689733,0.933444555388557,0.490396209360547,51,2.3201899750684,0.364944236870089,0.836243313846508
2000.91666666667,0.540804003275265,1.076510674632,2.18777316904713e-06,0.333203365585771,0.944187705922319,0.523643329805781,52,2.33141284219887,0.416550716836949,0.84870922996612
2001,0.788006188756896,0.926927493037525,2.18777316904713e-06,0.26955741864257,0.742507807435525,0.543022094098274,52,1.74123810349846,0.412748557393698,0.89980344340385
2001.08333333333,0.836978916046641,0.899191823682459,2.18777316904713e-06,0.295100383754063,0.886236720671498,0.561947658531627,52,1.83398340600338,0.473615405959095,0.879589612354122
2001.16666666667,0.891141395377665,0.784063352730457,2.05887492743358e-06,0.259060371950218,0.919570448302692,0.55234458295292,51,1.73305864340716,0.493632353579815,0.875545193866787
2001.25,0.696352809659723,1.2028298525294,2.17676038228521e-06,0.302534485603195,0.884791761114639,0.483591012837237,53,3.25209778497551,0.405908968159023,0.757797988950882
2001.33333333333,0.709145434971061,1.23329008158615,2.71671806896298e-06,0.341332514828611,0.906254844736611,0.419147290234328,55,3.28375768121815,0.44429273581864,0.749376039324561
2001.41666666667,0.637123614359562,1.20163122635873,2.17676038228521e-06,0.344939602552486,0.89234371860961,0.502332836975301,54,3.08754782656636,0.42954594388482,0.773663190037957
2001.5,0.68934486482587,1.17805847512369,2.36280461408832e-06,0.316034428915449,0.834857560999803,0.382534817511549,56,2.99419965130086,0.413479261763461,0.785085701723782
2001.58333333333,0.71402613300038,1.17213790517329,2.36280461408832e-06,0.32554277141172,0.94048841849312,0.512002414131835,56,2.7933593843335,0.445313519448726,0.804780224928616
2001.66666666667,0.725284244390259,1.20669845834501,2.36280461408832e-06,0.352138475983331,0.947478211640194,0.410354869097345,56,2.96723534709868,0.464932656735634,0.783947956379524
2001.75,0.576762216733369,1.20564277731135,2.36280461408832e-06,0.355717811786547,0.940404832984061,0.512659004744845,56,3.05500108360718,0.440067554445811,0.780457821280272
2001.83333333333,0.537717176335657,1.19279500323914,2.36280461408832e-06,0.327438839764346,0.90808743367778,0.548975788022267,56,3.22413525702539,0.417292603876419,0.756116197448546
2001.91666666667,0.494535237842979,1.13321651725954,2.36280461408832e-06,0.319760032553409,0.89166342115283,0.513894613686591,56,2.97701126369116,0.408111759537183,0.778897447560563
2002,0.517963717863438,1.21146635784533,2.36293986332785e-06,0.347538123680767,0.92392575970766,0.450039429718855,57,3.11726315895708,0.433515800318406,0.767502775379823
2002.08333333333,0.733952121001197,1.15704350615758,2.36280461408832e-06,0.316423965962661,0.933569373434253,0.403784146824872,56,2.82440072346825,0.47021474941248,0.796313707125748
2002.16666666667,0.802922773487973,1.03571505067683,2.50996824047282e-06,0.294907194602899,0.936297066807939,0.360684827332686,57,2.47550755895544,0.455174456498609,0.811163998284397
2002.25,0.617681420869105,1.22608970316508,2.39432556219969e-06,0.336438617115901,0.879083542469056,0.36370193123157,56,3.2112229015527,0.429340238033671,0.756722466201568
2002.33333333333,0.646753551872975,1.21049053393833,2.39432556219969e-06,0.315661886792162,0.839662247420908,0.437512229232878,56,3.28458242042934,0.412541933086098,0.748057405434408
2002.41666666667,0.681726949096947,1.21240705271385,2.82411716490025e-06,0.320872846450975,0.823196240840229,0.417024971727976,57,3.1683719365827,0.429006808255749,0.75928563228844
2002.5,0.666676273688389,1.1823914198781,2.82411716490025e-06,0.314141851867448,0.816338640833119,0.445768805893259,57,2.98313179681145,0.424511868454936,0.778881701085639
2002.58333333333,0.623415147921804,1.23100317912001,2.96816755654659e-06,0.333689571269443,0.897294264635218,0.402442572915322,58,3.16035686580385,0.447257853803017,0.759144910075904
2002.66666666667,0.645888630119776,1.239819324431,2.96816755654659e-06,0.338219039351338,0.909562167267109,0.336296649852355,58,3.20293326904649,0.451509183847087,0.753538059044021
2002.75,0.664281414152067,1.2420586599237,3.00370112558237e-06,0.342033377958298,0.910935653336385,0.364908687360851,59,3.23851077120245,0.450642701025552,0.74568112091682
2002.83333333333,0.664824976370239,1.25732504850037,3.00370112558237e-06,0.341241024632803,0.899829052248822,0.414066174919623,59,3.38346631291527,0.44806010812583,0.725400888431614
2002.91666666667,0.709909062308482,1.25498372044239,3.00370112558237e-06,0.342037619036929,0.900554490413453,0.391770361646534,58,3.38067709239069,0.444531784133205,0.728480365578004
2003,0.739623943577926,1.23645216361944,3.00370112558237e-06,0.330142487905386,0.872577005461812,0.374106698036329,58,3.34310280388269,0.432324033126657,0.731765988625254
2003.08333333333,0.78953975983995,1.21802743702958,3.00370112558237e-06,0.322066581795145,0.883432297145189,0.36994927649416,58,3.22575307776135,0.443209758387892,0.747447522040839
2003.16666666667,0.837282740558806,1.19813657734985,3.00370112558237e-06,0.322658440249245,0.872856386680122,0.319752230535286,58,3.03624683144427,0.44286711977688,0.76679799679
2003.25,0.78725245918934,1.21046140809743,3.00370112558237e-06,0.323427385060046,0.877387481564022,0.356111665223378,58,3.17710253079706,0.430986746655865,0.751558548589175
2003.33333333333,0.725501557597119,1.22427244703377,3.00370112558237e-06,0.34099573003771,0.911794879950111,0.357792303334795,58,3.10839011133094,0.435819478464556,0.762398344062419
2003.41666666667,0.612899088411747,1.19199637450285,3.00370112558237e-06,0.335576235960062,0.913443695177526,0.353425245462126,59,3.02511487543119,0.424197616561376,0.766163157765681
2003.5,0.504043709079907,1.14543687995017,3.00370112558237e-06,0.340428060502071,0.945439135368772,0.355888948286444,59,2.75915449537522,0.423525395425544,0.790451290026616
2003.58333333333,0.751995282181061,1.21162439731233,3.00370112558237e-06,0.336756445489776,0.919784856427854,0.364136415423675,59,3.03561586291493,0.457715756171982,0.765857111131716
2003.66666666667,0.713696775502943,1.22449390415608,3.00370112558237e-06,0.347416082888355,0.939076908117923,0.383741741740742,59,3.09881231086292,0.461554201794203,0.757695375642897
2003.75,0.738931907821075,1.24689405022055,3.00370112558237e-06,0.346287209405225,0.927658064285623,0.367931615306643,59,3.28172687423699,0.461962062650158,0.737061467768868
2003.83333333333,0.716740393785009,1.25106735306878,3.00370112558237e-06,0.348307267640795,0.927470736206276,0.38004754769262,59,3.29385402622251,0.464409515855515,0.737079368745172
2003.91666666667,0.694580226944973,1.25612454390678,3.00370112558237e-06,0.348885801123631,0.915006312034509,0.399984274478238,59,3.29636947564025,0.46036369409226,0.737683291058123
2004,0.671064049999434,1.25746854100801,3.00370112558237e-06,0.350395310813933,0.913675577724835,0.404066702983086,59,3.30481310206775,0.45846817064943,0.738092473548301
2004.08333333333,0.658691526394885,1.26234287354258,3.00370112558237e-06,0.352137550435608,0.91095182409169,0.364287598067241,59,3.35757331289058,0.457595839562637,0.729234494008643
2004.16666666667,0.662950327064447,1.25975395339606,3.00370112558237e-06,0.346830897006415,0.880935531146228,0.34654143342939,59,3.3812957744863,0.447834913195624,0.726640053334944
2004.25,0.628916674815073,1.25783349333435,3.00370112558237e-06,0.350326246235966,0.887431327659729,0.391877041349957,59,3.35630569774919,0.446111409487407,0.730534327980782
2004.33333333333,0.631308077050018,1.2407289046253,3.02123854990396e-06,0.333048668039647,0.857803846151199,0.385777251090896,60,3.3702133263082,0.428926710620998,0.727752750967892
2004.41666666667,0.542846294840006,1.24916958125482,3.02123854990396e-06,0.362766277968048,0.929472301294504,0.395079138969532,60,3.13596298408521,0.461609303311931,0.757626641393014
2004.5,0.666557460701546,1.13517155994717,3.02123854990396e-06,0.32270414442423,0.958929368619564,0.399923199343887,59,2.67694127763155,0.488940530836674,0.802408453504071
2004.58333333333,0.73162955023171,0.972782696063276,3.09835988588558e-06,0.28044204816913,0.968224377593763,0.484372830389818,60,2.21784319167992,0.49541018554728,0.833007745134649
2004.66666666667,0.737885282959471,1.13277137916417,3.07104654452862e-06,0.326458909451917,0.967811069466784,0.484563019959045,59,2.50710747824487,0.48142561968738,0.827251646706475
2004.75,0.603997843488383,1.22638676043441,3.09539529522659e-06,0.352303565115155,0.954039242190092,0.450191531422148,60,2.99970401637799,0.469065044605229,0.775266076118321
2004.83333333333,0.567826400890407,1.2050168505167,3.09539529522659e-06,0.350924523796364,0.949100771297872,0.465338689995574,61,2.94251742225683,0.471212363190815,0.775009921463852
2004.91666666667,0.64557049771827,1.17359965255629,3.10297088018379e-06,0.331216594768219,0.953417070322607,0.452091973473042,62,2.9020245420235,0.481123856141891,0.774395341369405
2005,0.392438788568185,1.20410620422013,3.10297088018379e-06,0.350560169322777,0.930291388810659,0.407053036132127,63,3.00609438054417,0.435917694882133,0.770721512933028
2005.08333333333,0.493076561886556,1.21268946987869,3.10297088018379e-06,0.339806489082414,0.901181612826805,0.359839153894565,63,3.0988665150631,0.443357691751956,0.760987978747484
2005.16666666667,0.476518199145502,1.19170489534815,3.10297088018379e-06,0.342307503188801,0.919524635967034,0.3671661062383,63,3.05558687672548,0.453799972285258,0.764661669697409
2005.25,0.549308502700126,1.18669795592124,3.10297088018379e-06,0.332112677525145,0.924034913215703,0.435362288948857,62,3.1050949787793,0.462494968616271,0.754064717336008
2005.33333333333,0.447424620947789,1.18469358608752,3.10297088018379e-06,0.339399160565723,0.915636035488029,0.385814064893364,62,2.97857837525998,0.437650478759097,0.769186665252861
2005.41666666667,0.397494071403225,1.18148516054977,3.10297088018379e-06,0.35396229546423,0.929201345616548,0.385343699787126,62,2.98204538273346,0.452225790902332,0.775554234159858
2005.5,0.450009843292826,1.05465863394954,3.10297088018379e-06,0.302376357723903,0.965040945370987,0.44368325218841,62,2.77065915684483,0.492844240103024,0.79321573664027
2005.58333333333,0.476922000624944,1.08665598823892,3.10297088018379e-06,0.310697378580749,0.957969350468718,0.358671637390496,62,2.76563521322616,0.487454033079986,0.791929985891772
2005.66666666667,0.55285680684242,1.14124131933834,4.39798216636999e-06,0.319807886082154,0.948227013318644,0.40893964549769,64,2.78127600486334,0.478495593620048,0.779434834235972
2005.75,0.564934642366659,1.14380588825308,3.30822614227921e-06,0.31866752731542,0.947501077902582,0.370569032807868,63,2.79746218211945,0.477808900379756,0.777637036741798
2005.83333333333,0.5712717156048,1.15634988841987,3.30822614227921e-06,0.321483481275847,0.946771128861842,0.467769828521915,63,2.85273119224461,0.47489972746936,0.77269595804062
2005.91666666667,0.557258849582788,1.19847389508057,3.30822614227921e-06,0.338613203019417,0.928375905904099,0.509964689564131,63,3.02430219125208,0.459534840051541,0.756784419349761
2006,0.614907241663801,1.20507998408812,3.12033869936397e-06,0.330076324209575,0.888980927726415,0.440293054884795,62,3.12693147814683,0.451500660236223,0.751300970033782
2006.08333333333,0.633824856669615,1.20038338115372,3.12033869936397e-06,0.326836948779737,0.871801007073065,0.410313886093604,62,3.16964272706653,0.450724263131325,0.74775324405742
2006.16666666667,0.57103384059461,1.19718694989196,3.12033869936397e-06,0.330340959882262,0.882079449473624,0.33487952165454,62,3.15972670802672,0.459577554421046,0.750572233687385
2006.25,0.672926065679115,1.227899367389,2.92330575105524e-06,0.332125867402765,0.876534316513302,0.358011000865337,61,3.28151729397706,0.443486311432672,0.73532739968352
2006.33333333333,0.718998881033616,1.24595651228618,2.92330575105524e-06,0.339905056904481,0.873551635992034,0.325787919326702,60,3.30895842083377,0.443117901380012,0.732254360084119
2006.41666666667,0.69409102295062,1.25378168458214,2.92330575105524e-06,0.351772826030727,0.904717978341879,0.405313777461286,60,3.31827672748472,0.454749692304564,0.730385227443122
2006.5,0.483611863068898,1.12646411969044,2.92330575105524e-06,0.341300132856056,0.943726999313538,0.316640773263139,60,2.70071922209042,0.439280622237807,0.788660131230759
2006.58333333333,0.519380237450288,1.10892456706195,2.92346779575606e-06,0.321697259776438,0.938309827449676,0.373075277341523,61,2.66989706938335,0.432731013670418,0.792274693029103
2006.66666666667,0.620027710221626,1.17697016968248,2.92346779575606e-06,0.363051568641888,0.954949946691767,0.402602821356833,62,2.72062156938994,0.45601862742899,0.796846575764022
2006.75,0.582995057503685,1.19823493614115,2.92346779575606e-06,0.357710478855377,0.942080812109517,0.354718304549914,61,2.84959350156982,0.445267278938605,0.789011796250489
2006.83333333333,0.505146237390223,1.18984134604129,2.92346779575606e-06,0.362941460889127,0.954062307101487,0.360766722968161,61,2.75444918766542,0.447821703096002,0.803431138161325
2006.91666666667,0.64490509448848,1.20090125490602,2.92346779575606e-06,0.33391578907238,0.931759499516486,0.499651581820219,61,3.15428037597216,0.432068518551259,0.749160591589966
2007,0.457934064568387,1.18793414066615,2.62732595248056e-06,0.337844001973921,0.929200891025814,0.513174262370368,59,3.11072475487086,0.433012472213761,0.753759482728115
2007.08333333333,0.392698994378401,1.12847317861898,2.62732595248056e-06,0.317909998788892,0.943093735629693,0.481052774283342,59,2.91546055563684,0.430448590457593,0.770071187831748
2007.16666666667,0.43144629123059,1.14325659759457,2.62732595248056e-06,0.307318770885384,0.918985080056316,0.481200740999726,59,3.05528557588181,0.425880971672224,0.757565751659917
2007.25,0.389742794989076,1.08542251210064,2.62732595248056e-06,0.276171492857739,0.931634192868174,0.496849458769279,59,2.92337179396747,0.421018676167023,0.770595521443292
2007.33333333333,0.483856028072509,1.19005362031325,2.62732595248056e-06,0.332860580006988,0.923135045937471,0.462934669226313,59,3.15920961057699,0.438822969455007,0.758773529393319
2007.41666666667,0.444481791476828,1.16664239919264,3.31821972880583e-06,0.318829379880642,0.922279382740549,0.58313534811179,60,3.06869112660742,0.433738069670326,0.762334226799882
2007.5,0.332117193625306,1.01147691935224,3.31821972880583e-06,0.274632298124884,0.95750047501522,0.484467888750624,60,2.44024410944938,0.430233462821174,0.815971502381004
2007.58333333333,0.311383805807908,0.972565783839458,3.31821972880583e-06,0.260919316922265,0.972545150690905,0.468329923796385,60,2.25101263721855,0.433632507908162,0.840076585778492
2007.66666666667,0.509309803666621,1.10393623140697,3.31821972880583e-06,0.367402032182034,0.979571894032484,0.420399351213076,60,2.22981405272538,0.45559387890236,0.846517183483012
2007.75,0.303078086148263,0.938115396089123,3.31821972880583e-06,0.278700013160969,0.974598971728152,0.430696082295027,60,2.06507185303892,0.431270797166784,0.851639134154773
2007.83333333333,0.231886953375485,0.72122386752957,3.31821972880583e-06,0.231699872651558,0.976430637402095,0.545203631336899,60,1.54796836945417,0.417027431828547,0.881156294031945
2007.91666666667,0.239993867401715,0.705823012950918,3.31821972880583e-06,0.219684839489554,0.970621435360666,0.530677840061397,60,1.5951597979874,0.414076273631629,0.873137531886091
2008,0.152404236063109,0.521894281705321,3.31821972880583e-06,0.133543012782544,0.974248345778904,0.524536027271955,60,1.27086108542771,0.398110608763665,0.896539046096109
2008.08333333333,0.224382497430781,0.650855651968923,3.31821972880583e-06,0.211851734610825,0.976114384443541,0.511113403174355,60,1.37753274753442,0.412954206833584,0.89492469219721
2008.16666666667,0.122806671828207,0.443058112873032,3.31821972880583e-06,0.109368463411961,0.97911045458233,0.562212236865568,60,1.13838883368083,0.398355406620684,0.90304467121649
2008.25,0.281893214550342,0.917477330954233,3.31821972880583e-06,0.258847959102167,0.963648176427079,0.510117651285164,60,2.10866673316668,0.422854306644661,0.841786485190426
2008.33333333333,0.290321960165813,0.890452328783857,3.31821972880583e-06,0.220332120402583,0.956337642755272,0.468845474944293,60,2.12345840464712,0.417966557922402,0.842956069936699
2008.41666666667,0.250978968801666,0.777373046082243,3.31821972880583e-06,0.175051467719769,0.963507318033957,0.502043108678488,60,1.79684567952129,0.412363136548596,0.874019987512915
2008.5,0.543945764847404,1.06537974777549,3.31821972880583e-06,0.282054690583241,0.931710981790511,0.559939519149373,60,2.43394489653922,0.435050687965825,0.831639613495925
2008.58333333333,0.520747876759834,0.988877247771964,3.31821972880583e-06,0.23500785227381,0.970286865160326,0.576702432742651,60,2.0723664955176,0.43242977835758,0.87767137597335
2008.66666666667,0.215149895411843,0.898222562359106,3.21686324403437e-06,0.228201392631231,0.966917749916525,0.588195074075748,58,2.15954904944692,0.432785159027199,0.857644084630542
2008.75,0.255732610365161,0.841342574423756,3.21686324403437e-06,0.221473197938273,0.95451754424856,0.577851391003701,58,2.05526684294563,0.414406947183247,0.846888885413331
2008.83333333333,0.158907912301832,0.589259174935529,3.21686324403437e-06,0.163945723047235,0.978503159702512,0.488296298096395,58,1.40215689099112,0.406410956498818,0.890170537498663
2008.91666666667,0.117914144050444,0.462972156976506,3.21686324403437e-06,0.119533138902785,0.979297445315287,0.56757424362061,58,1.21703988604234,0.397315017789612,0.89804167530735
2009,0.130213376454411,0.435651030068598,3.21686324403437e-06,0.126972546764455,0.97285146649269,0.595145925702276,58,1.14182601393319,0.396956372505125,0.902394822022584
2009.08333333333,0.170644029264184,0.488551972319989,3.21686324403437e-06,0.129524199446624,0.964929508264366,0.534325685388017,58,1.30893841987802,0.395373635327888,0.888763579214802
2009.16666666667,0.287843066695905,0.856814560879353,3.21686324403437e-06,0.217994740308753,0.943716301761962,0.529115806487802,58,2.17880631406951,0.408793062405571,0.827044850319841
2009.25,0.299097385786902,0.860390496350503,3.79118169408265e-06,0.22641501597076,0.952320433193611,0.518183820492973,59,2.09541769281335,0.412096386994136,0.836786438334545
2009.33333333333,0.486902014014413,1.17096087352909,3.79118169408265e-06,0.320770002810257,0.942207927871099,0.541786231017704,59,2.85471885262482,0.435048048762683,0.793132694444345
2009.41666666667,0.616723033152066,1.15862970087851,3.79118169408265e-06,0.303358099277505,0.918137379798855,0.559342863633114,59,2.91661705340823,0.424147295741555,0.785696384445992
2009.5,0.587609642132622,1.08645878355923,3.79118169408265e-06,0.274617492038277,0.948996589952141,0.582108023687929,59,2.67600309093049,0.431603041822745,0.807236909596929
2009.58333333333,0.660950879170122,1.05118894896871,3.79118169408265e-06,0.265168590341193,0.971227228904164,0.497141945757408,59,2.35731250212204,0.438226483671749,0.846861112960341
2009.66666666667,0.531614821015302,1.13223604002632,3.79118169408265e-06,0.338608575276516,0.971427881315897,0.548844031944281,59,2.40501561051717,0.437651431799581,0.843206682360498
2009.75,0.414025267776571,1.01392884433571,3.79118169408266e-06,0.297960711655331,0.94773839764605,0.53871635211273,60,2.33340813584915,0.420124574083717,0.830808177569367
2009.83333333333,0.398497840322588,0.977040352416743,3.79118169408266e-06,0.295448802228137,0.944274646625047,0.568409477988015,60,2.32022387258251,0.42095545411351,0.822094661183987
2009.91666666667,0.371031698942249,0.927683427464367,3.79118169408266e-06,0.274785108988255,0.945126199900622,0.569596740625303,60,2.28578518088281,0.416092444996699,0.818371232740136
2010,0.360284693139724,0.863767235117933,3.79118169408266e-06,0.230955466620958,0.929706794318439,0.569944009776296,60,2.19213524302935,0.405532505086799,0.825315474144086
2010.08333333333,0.436031432389365,0.995636600364383,3.79118169408266e-06,0.23658224079687,0.882706680550665,0.483397083434336,60,2.68358377060227,0.40169052556769,0.784758407293497
2010.16666666667,0.321037300344834,0.831509941170073,3.79118169408266e-06,0.208844781794992,0.929463802664216,0.522470725930165,60,2.09203199421835,0.403862170071134,0.834327115314387
2010.25,0.531268779566941,1.19466380792413,3.79118169408266e-06,0.320849843230491,0.888918889846647,0.59045829712006,60,3.24733116604387,0.427167080126391,0.737015747053804
2010.33333333333,0.34679608104085,1.11334115176072,3.79118169408266e-06,0.284904116712718,0.933958224398004,0.523085158971949,60,2.88202059911732,0.431456134786219,0.779083215263124
2010.41666666667,0.621885545039398,1.21758771655103,3.79118169408266e-06,0.358570126843331,0.925422154475061,0.53456613281066,60,3.00261915157441,0.449694788181869,0.773625469497079
2010.5,0.595567460742426,1.20574970824062,3.79118169408266e-06,0.325818717476459,0.925551878943673,0.525469890247521,60,3.23319864851114,0.433896141337955,0.744657206722236
2010.58333333333,0.628469938137734,1.13901002624512,3.79118169408266e-06,0.295010564144605,0.94999726224505,0.482886920998443,60,2.80028295573705,0.436392042862507,0.796948120116087
2010.66666666667,0.749330154544521,0.988804065428721,3.79118169408266e-06,0.333162233183319,0.961776497195827,0.494626519659671,60,2.07688820832433,0.46982504495437,0.846480022129279
2010.75,0.677041256198833,1.08957009281804,3.79118169408265e-06,0.351490303764388,0.938718362976647,0.490525256832209,59,2.40442100988178,0.450834337626241,0.823443335421504
2010.83333333333,0.576957253420893,1.19174630323949,3.79118169408265e-06,0.336253748956498,0.913756340373202,0.525812159429083,59,3.0840562314532,0.427783053929317,0.765879826847107
2010.91666666667,0.602799878865367,1.17737888091214,3.79118169408265e-06,0.334038591208839,0.901608725947585,0.50397106165455,59,2.96327859665052,0.428433186582115,0.774626953289959
2011,0.497752528176621,1.11695614214373,3.79118169408265e-06,0.270663546246442,0.867357904872633,0.462676319901801,59,3.08369225890235,0.402024208982519,0.755617264915832
2011.08333333333,0.52388017687007,1.15800460543561,3.79118169408265e-06,0.291180893018143,0.874041139772264,0.440336067925418,59,3.08617178982244,0.412209252810415,0.761334736790644
2011.16666666667,0.579037920553846,1.07051449872322,3.96962964907205e-06,0.271036966479742,0.941006345414657,0.431549747821452,60,2.52212007756489,0.436679895388094,0.819046437165176
2011.25,0.371277049331176,0.93094788626377,3.96962964907205e-06,0.219031150340761,0.970379451049688,0.410934636286802,60,1.95392273506217,0.441015630832965,0.879509876950049
2011.33333333333,0.346836253983484,0.684016965176968,3.96691833520957e-06,0.163682978413173,0.982815692610895,0.445571929449337,59,1.3764874639208,0.412889920809962,0.912133473973866
2011.41666666667,0.294690405871789,0.554511630739075,3.96691833520957e-06,0.136514323568515,0.987724014464658,0.399924868946857,59,1.05516615758441,0.4070134729086,0.934629032721273
2011.5,0.968056482789223,0.8730986083441,3.96691833520957e-06,0.257298253378624,0.966877700676077,0.331060981208696,61,1.74955641797948,0.466524165303018,0.8770449955065
2011.58333333333,1.02049576790886,0.629359922922167,3.96691833520957e-06,0.199519210225973,0.975832494237048,0.424390878949648,61,1.26736672815387,0.465114926702583,0.905066605312994
2011.66666666667,0.88106096706243,1.02552744236143,3.96691833520957e-06,0.287824747049586,0.958786641239618,0.420426108770979,61,2.12305690501196,0.480595202630659,0.861157992441169
2011.75,0.600452508289982,1.18389819703704,3.96691833520957e-06,0.296426922818026,0.836153327766505,0.529139394363295,62,3.30925872731726,0.411743849559628,0.732740317703623
2011.83333333333,0.533386463395675,1.19260508808406,3.96691833520957e-06,0.313643771219328,0.867434620194624,0.506393711626556,62,3.24559155158646,0.418428653409211,0.743177777811043
2011.91666666667,0.677786989112214,1.20476845589495,3.96691833520957e-06,0.339049655602213,0.898620261289947,0.546101453402992,62,3.1254102443508,0.440028287627886,0.750793068452482
2012,0.576136185183848,1.19870947814927,4.29729310544633e-06,0.297764791951646,0.859346140488251,0.53147749778559,61,3.45105071725025,0.414031213089447,0.715928160767005
2012.08333333333,0.397124749397753,1.12594522514482,4.29729310544633e-06,0.2726188829944,0.91294927992489,0.484680603976078,61,3.07848735132501,0.420741182065552,0.758494184102393
2012.16666666667,0.372267689943739,1.14212759011688,4.29729310544633e-06,0.2950026909972,0.932456233243793,0.531327868953616,61,3.06597623615812,0.424014367038226,0.760368194408018
2012.25,0.55963347177927,1.17718587154213,4.29729310544633e-06,0.377398296127704,0.951803262147796,0.4447825532597,61,2.67511589538887,0.456641131178311,0.802427318440064
2012.33333333333,0.740281440453788,1.07920392729982,4.29729310544633e-06,0.343773209882676,0.958484508399981,0.529590089500938,61,2.31463203201714,0.476349041280975,0.836504185285304
2012.41666666667,0.843597512181482,0.997009767230396,4.29729310544633e-06,0.295183762333571,0.964786400318471,0.386117916048739,61,2.09955044989113,0.482362397128762,0.855043990550358
2012.5,0.883112554909635,0.843995730111707,4.29729310544633e-06,0.270571493955662,0.978103330028054,0.470207822455636,61,1.73003225559564,0.484543484797336,0.87631485647484
2012.58333333333,0.635315732397053,1.13746664519758,4.29729310544633e-06,0.300596859898057,0.940590371676984,0.481165907587206,61,2.8711746670302,0.429596530137852,0.789404241492075
2012.66666666667,0.683488626443358,1.16546699839442,4.29729310544633e-06,0.345549455704229,0.909938354533261,0.50175102344567,61,2.87997967685349,0.44061066919824,0.776677609678047
2012.75,0.496773015017583,1.12847887423543,4.29729310544633e-06,0.282083839054441,0.909750200271643,0.491838898852002,61,3.19946316707029,0.406636087001189,0.747912559029899
2012.83333333333,0.482073662758582,1.13891774825569,4.29729310544633e-06,0.321813746572002,0.925333714014672,0.557584287468223,62,2.90286397926744,0.422367064133598,0.780909771163185
2012.91666666667,0.587923407488137,1.1769201825502,4.29729310544633e-06,0.308304680381204,0.876310944214123,0.532690748357834,61,3.21093455811645,0.41529256299085,0.746328205037533
2013,0.556296700420905,1.18449455489619,4.29729310544633e-06,0.30107003064569,0.866605333650155,0.546987684600263,61,3.36814770500147,0.414128322300748,0.726696708337212
2013.08333333333,0.529094005295645,1.20303161969317,4.29729310544633e-06,0.311046803568024,0.867922399042836,0.542817650949252,61,3.35828268298494,0.421328484663816,0.730498346821142
2013.16666666667,0.477881861332744,1.15717327940626,5.62215409988222e-06,0.302057034994228,0.886570245213632,0.558786329626908,63,3.16281557101265,0.432198185069396,0.742116101307064
2013.25,0.622255768815545,1.19953903186735,5.62215409988222e-06,0.365463292845252,0.927022693241975,0.581319105957976,63,2.87701906193569,0.456764360940972,0.777095792445835
2013.33333333333,0.791202931323843,1.14181007676595,5.62215409988222e-06,0.336172274806749,0.916997209732249,0.503026097018868,63,2.77125795730546,0.458543653232875,0.781640116168461
2013.41666666667,0.69193768238482,1.15092368423188,5.62215409988222e-06,0.278818131802855,0.83852203065636,0.511938080587702,63,3.28526641871024,0.407978483035703,0.735363705505492
2013.5,0.578656017640867,1.17524187243212,5.88386443601384e-06,0.307243678338944,0.875929142542427,0.543879382943389,63,3.16484724783103,0.431405947095864,0.748366623206125
2013.58333333333,0.405511288837538,1.10615659290759,6.55424294511229e-06,0.285651694337391,0.935854219712129,0.435855325064343,64,3.05379787433248,0.44475217954971,0.760791544023735
2013.66666666667,0.809145130321326,1.14946938738454,5.63043256070625e-06,0.350127434464988,0.967688627380181,0.489367221522961,63,2.37845689981456,0.480241252173768,0.841086641109741
2013.75,0.74867686367392,1.14431188312139,5.63043256070625e-06,0.367811436571473,0.956754690467276,0.504531805564023,63,2.37349930975647,0.484535740038176,0.834535496597179
2013.83333333333,0.492839873560611,1.16055819118966,4.2168361992066e-06,0.363494236198403,0.942405980258011,0.625125995402595,62,2.78077891560697,0.465693708722383,0.779818146403648
2013.91666666667,0.429217336802266,1.0925341801384,4.2168361992066e-06,0.332222078746488,0.942794703280875,0.611863503799812,62,2.73124087733699,0.463371362442965,0.773154203500177
2014,0.485332271947423,1.09548697763529,4.2168361992066e-06,0.30733695746997,0.91881526446223,0.571557727663976,62,2.89726793541489,0.452585101043351,0.754499759141176
2014.08333333333,0.572167246942523,1.15625404070413,4.2168361992066e-06,0.334937596446928,0.913973353952517,0.527642213437929,62,2.9420593940093,0.451442668842929,0.770568726369808
2014.16666666667,0.61854027316502,1.18573980589607,4.2168361992066e-06,0.350994371415508,0.894952423413751,0.54401091888738,62,2.87931780879237,0.453353757743495,0.789504990009715
2014.25,0.666254354943656,1.22379914245559,4.2168361992066e-06,0.390640899351392,0.945707658191897,0.561963069191969,62,2.90801896073754,0.474991294511899,0.78260012421302
2014.33333333333,0.781237054078814,1.188531785417,4.2168361992066e-06,0.358298725241415,0.925778706774671,0.542898433620129,62,2.65800266372017,0.45595439613375,0.814974762447792
2014.41666666667,0.675415919536709,1.20861349122083,4.2168361992066e-06,0.333374037776887,0.900025525668297,0.536646389717068,62,3.17677539042028,0.441763300203689,0.7473155337353
2014.5,0.74020004642623,1.03047565417237,4.2168361992066e-06,0.263992650471471,0.962906753985423,0.524995552949125,62,2.46509164405621,0.448438576793494,0.817035078755706
2014.58333333333,0.805325476573054,1.07017623217654,4.2168361992066e-06,0.33278679066654,0.961863931285074,0.471495911449344,62,2.25562231841402,0.471365497552572,0.838994667925258
2014.66666666667,0.689785162812013,1.14095453324543,4.2168361992066e-06,0.30779462639256,0.93621981817773,0.506200091561722,61,2.77903229245235,0.448141737993726,0.791088531880112
2014.75,0.676369116576875,1.22468496764953,4.2168361992066e-06,0.356310173066513,0.932341552711389,0.585280409637181,61,2.9053064056512,0.458465201899025,0.788800153762319
2014.83333333333,0.571427110787021,1.2239897097769,4.2168361992066e-06,0.359703594313776,0.926835891301571,0.651597168229015,61,3.11847734451651,0.448493180855457,0.759846042036659
2014.91666666667,0.702690199977839,1.24152272525832,4.2168361992066e-06,0.358440782149301,0.908872031988316,0.552713466928493,61,3.17659733818128,0.450999436902096,0.749215218873759
2015,0.631344730011901,1.22303713618128,4.2168361992066e-06,0.340802017158504,0.89671875851051,0.528215492815948,61,3.31284342033571,0.443602169517445,0.732867728823623
2015.08333333333,0.631969019704083,1.19839170883376,3.65066882227338e-06,0.349283118818061,0.915245471861858,0.57451541026418,60,3.1311837529354,0.452003746997825,0.760230702137409
2015.16666666667,0.652449051141902,1.2092053540526,3.65066882227338e-06,0.35042328337619,0.920424134340316,0.567168204709718,60,3.10662402393176,0.452270595599573,0.764903647999222
2015.25,0.715077237649237,1.24160149586786,3.65066882227338e-06,0.367733350204286,0.918540908708878,0.529621529629359,60,3.07618913169674,0.462566327307607,0.770247508803734
2015.33333333333,0.870890952278388,1.06722877929789,3.65066882227338e-06,0.29005030602064,0.872122533505484,0.50100706607363,61,2.52121506710382,0.426304250627203,0.810312944511032
2015.41666666667,0.773733039566206,1.23458319264517,3.65066882227338e-06,0.330960621455381,0.895058747407743,0.581575173815209,60,3.24542870541624,0.438394991474948,0.747979775835973
2015.5,0.931907505661329,0.699822470053189,3.65066882227338e-06,0.188332143798938,0.970369854001201,0.439652185903125,60,1.71445323455221,0.454879224086812,0.857317506040112
2015.58333333333,0.891326181507683,0.777011923360318,3.65066882227338e-06,0.254600691850719,0.987194155749782,0.491675076689691,60,1.58656200891819,0.494867800056531,0.884633306346729
2015.66666666667,0.838088166141727,1.13207239400026,3.65066882227338e-06,0.331899054929824,0.968013330072605,0.480852678172648,60,2.48036693910595,0.473190566752764,0.827816278047859
2015.75,0.795872114452448,1.15459851515798,3.65066882227338e-06,0.34184724346381,0.94537142991666,0.577426401572075,60,2.64646617200184,0.467338201312048,0.80840107358442
2015.83333333333,0.700647995180116,1.23117826279733,3.65066882227338e-06,0.356050089431849,0.915836917898599,0.553336665118819,60,3.0346863541755,0.447491711459831,0.771949169393798
2015.91666666667,0.730408995166639,1.24527219444377,3.6506670695808e-06,0.339990063790775,0.884794902631543,0.52691813262956,59,3.25235161079085,0.439600843012268,0.748719871231047
2016,0.636854007961944,1.21686962417882,3.6506670695808e-06,0.310204560928303,0.868514261556194,0.490857846424825,59,3.41651033873917,0.424354174929883,0.724400956353086
2016.08333333333,0.62441607567383,1.1632588260764,3.6506670695808e-06,0.27497378573395,0.847218746438409,0.507081375419183,59,3.3178655010337,0.412359811509388,0.739115672094865
2016.16666666667,0.92028561051369,0.498981650009928,3.65824020119119e-06,0.179165252655863,0.967581804113167,0.528370733712872,60,1.1893261197904,0.500404541510737,0.89519222205742
2016.25,0.898109501279533,0.54844536322175,3.68208577672753e-06,0.211168214108697,0.970208026845298,0.494119140035038,61,1.15125326924428,0.492723575319975,0.903637638341524
2016.33333333333,0.735439576996678,1.17792424472682,3.28442012654296e-06,0.298273210062769,0.842092638809001,0.46351488233315,59,3.06533406081809,0.421356615326937,0.768282426812236
2016.41666666667,0.503101431223435,1.11974035085967,3.28442012654296e-06,0.285761553359053,0.878107614769318,0.477950279239895,59,3.01909670709696,0.414579309655544,0.761718590170963
2016.5,0.720035950199361,0.92325881850335,3.28442012654296e-06,0.335270367490728,0.957564110719296,0.509899590051465,59,1.83853388633473,0.469594347806362,0.866350766946795
2016.58333333333,0.932618094097125,0.472271505781359,3.28442012654296e-06,0.164490255078403,0.972119965259051,0.489740550731909,59,1.12645489940631,0.499613972088626,0.901291860631962
2016.66666666667,0.87971984984108,0.91102863266389,3.28442012654296e-06,0.289653788014506,0.956781933153014,0.517892579421748,59,2.00653384545641,0.481486455289081,0.847917157563503
2016.75,0.613408209452846,1.19316756641932,3.28442012654296e-06,0.335723207232331,0.916924997669499,0.543718109559975,59,3.02890641360924,0.435597577386314,0.774024323292965
2016.83333333333,0.645826379799448,1.12760201230144,3.28442012654296e-06,0.362630434347239,0.938829398367018,0.574286533492123,59,2.55588674262541,0.451989233003312,0.812988727604668
2016.91666666667,0.717025389599886,1.23532842803918,3.28442012654296e-06,0.350441993655232,0.910424767090173,0.575622254937143,59,3.16676526926417,0.444630287453479,0.758104205540583
2017,0.593231961591292,1.21452296648686,3.28442012654296e-06,0.319031757671854,0.891947922425069,0.603041713674241,59,3.39666903129938,0.427827182097076,0.724387248493171
2017.08333333333,0.63695911489834,1.22056602532332,3.28442012654296e-06,0.327457214347818,0.903210735718234,0.569782172771651,59,3.31713216308035,0.431235093359376,0.736930689053655
2017.16666666667,0.732516819701139,1.20902549419811,3.28442012654296e-06,0.337549455699194,0.903596487085247,0.531811930214697,59,3.11707503174906,0.445570635353811,0.753690973834556
2017.25,0.778448395557087,1.22016311802288,3.28442012654296e-06,0.337566377177614,0.936158201934644,0.527323433141182,59,3.09572693530718,0.452759396740047,0.764110756851437
2017.33333333333,0.867939669311571,1.17736391450738,3.28442012654296e-06,0.31085937640368,0.863161248557779,0.539357628811258,59,2.93681176745631,0.448204661144578,0.780118186269721
2017.41666666667,0.769959663795983,1.22188412200246,3.28442012654296e-06,0.329647417640988,0.90509785417895,0.562964851800518,59,3.154555041548,0.448885860848467,0.758998042702074
2017.5,0.825854627989336,1.20664367951443,3.28442012654296e-06,0.315251322106186,0.835008697425775,0.551329939335277,59,3.0731920641532,0.427839012796569,0.771864022145143
2017.58333333333,0.908772069632454,0.897889832368315,3.28442012654296e-06,0.318630389118173,0.933809184124522,0.48356035859989,59,1.70623494560882,0.472764173512119,0.882477921827095
2017.66666666667,0.867609424303172,1.07831685603127,3.27209171136003e-06,0.316850766804626,0.965156755193658,0.493355769528239,58,2.24556504522174,0.468829186199353,0.853516183618273
2017.75,0.728754465215144,1.1606334206029,3.27209171136003e-06,0.341067995574996,0.966532466781421,0.550024961176122,58,2.61236254363223,0.461531949531825,0.821607685747743
2017.83333333333,0.68930030506584,1.23240651617343,3.27209171136003e-06,0.367279447488597,0.923711920800793,0.605235397405703,58,3.09005436180622,0.463810591194543,0.759957493791523
2017.91666666667,0.54251935876314,1.23608940119312,3.27209171136003e-06,0.386339146723363,0.945530397310411,0.62922765095781,58,2.92701211121706,0.487459300561441,0.78741587637597
2018,0.679729846103167,1.20380233943043,3.27209171136003e-06,0.3902944430643,0.945066249384029,0.57962303789168,58,2.69480786355913,0.483118809022005,0.800928505033807
2018.08333333333,0.66957426140333,1.12532305372529,3.27209171136003e-06,0.39111417224545,0.947390148606821,0.556701043437655,58,2.35663097737279,0.483863617704629,0.826794977985112
2018.16666666667,0.642208949067863,1.17809273230435,4.30214992968592e-06,0.38512329728917,0.91515114530905,0.569109709626808,58,2.47801740881898,0.475185747704208,0.827570934582945
2018.25,0.51683637632517,1.15117432866695,4.30214992968592e-06,0.389047718625521,0.950294660537258,0.615704732291182,58,2.5020341212812,0.480554495269452,0.817807276842201
2018.33333333333,0.66391408337912,1.16454784732946,4.30214992968592e-06,0.39318720666055,0.930536822955279,0.567540221685782,59,2.405880673932,0.482753128574301,0.829921482866794
2018.41666666667,0.515782493778167,1.08424467211695,4.30214992968592e-06,0.322776606691434,0.853508455865157,0.595377462977031,59,2.46993993055127,0.451364346096675,0.819257220356694
2018.5,0.744177607968553,1.2016539666801,4.28311005178162e-06,0.35489683378613,0.885903734334243,0.498002982016797,58,2.5887485741145,0.463500340301686,0.829163598755677
2018.58333333333,0.734094989884873,1.08234422865238,3.14253127528616e-06,0.331861001758916,0.979642521125294,0.530837515527111,56,1.94391028726352,0.482089952766532,0.889414130198039
2018.66666666667,0.896150219020291,1.1141987488744,2.47770919706093e-06,0.292102783721369,0.919376424614579,0.507268268035216,52,2.69339145096697,0.472262241710575,0.815213447464047
2018.75,0.735043103737752,1.18780109068885,2.33358634408679e-06,0.322868249291714,0.876502139972348,0.545724823894714,50,2.91094561501117,0.43512188802277,0.803491327832433
2018.83333333333,0.674831468591748,1.17517538818504,2.04077330617195e-06,0.344823128259147,0.899499036915597,0.604645075719737,48,2.73219330711339,0.442925767223865,0.822988670032791
2018.91666666667,0.910536977625151,1.02459035679967,1.88456119109131e-06,0.270624782813805,0.916332141957637,0.598273337230436,45,2.3356228098101,0.474409701249162,0.857066879482344
2019,0.872188343395414,1.20686530580474,1.72464820974166e-06,0.303766617269185,0.826849276812377,0.61240532126718,39,3.14927668657739,0.436476899883414,0.80267131019981
2019.08333333333,0.891556858282304,1.1070500648438,1.06084075445567e-06,0.314217585397222,0.871682347134668,0.593003570724313,35,2.58616216870165,0.449610256232518,0.851023440892764
2019.16666666667,0.950892327859721,0.901069498310661,5.05031420516315e-07,0.280422061131713,0.933738175766603,0.410030856717806,27,1.81830264296561,0.476046031923173,0.911674778576
